Time(ms),Method,Roll,Pitch
2.0,ACCEL,2.754,0.686
2.0,GYRO,1.354,-0.433
2.0,COMP,1.382,-0.41
12.0,ACCEL,2.916,0.571
12.0,GYRO,1.356,-0.438
12.0,COMP,1.415,-0.396
22.0,ACCEL,2.95,0.552
22.0,GYRO,1.358,-0.442
22.0,COMP,1.447,-0.381
32.0,ACCEL,2.726,0.447
32.0,GYRO,1.358,-0.446
32.0,COMP,1.473,-0.368
43.0,ACCEL,2.818,0.572
43.0,GYRO,1.361,-0.448
43.0,COMP,1.502,-0.351
53.0,ACCEL,2.959,0.573
53.0,GYRO,1.359,-0.447
53.0,COMP,1.53,-0.331
63.0,ACCEL,2.843,0.568
63.0,GYRO,1.359,-0.447
63.0,COMP,1.556,-0.314
73.0,ACCEL,2.773,0.509
73.0,GYRO,1.357,-0.449
73.0,COMP,1.579,-0.299
84.0,ACCEL,2.808,0.53
84.0,GYRO,1.359,-0.45
84.0,COMP,1.605,-0.283
93.0,ACCEL,2.775,0.634
93.0,GYRO,1.362,-0.452
93.0,COMP,1.631,-0.268
103.0,ACCEL,2.739,0.661
103.0,GYRO,1.366,-0.456
103.0,COMP,1.657,-0.253
113.0,ACCEL,2.918,0.563
113.0,GYRO,1.369,-0.458
113.0,COMP,1.685,-0.238
123.0,ACCEL,2.833,0.604
123.0,GYRO,1.372,-0.461
123.0,COMP,1.711,-0.224
133.0,ACCEL,2.75,0.253
133.0,GYRO,1.37,-0.462
133.0,COMP,1.73,-0.216
143.0,ACCEL,2.823,0.768
143.0,GYRO,1.368,-0.462
143.0,COMP,1.75,-0.196
153.0,ACCEL,3.053,0.568
153.0,GYRO,1.367,-0.462
153.0,COMP,1.775,-0.181
163.0,ACCEL,3.072,0.503
163.0,GYRO,1.363,-0.46
163.0,COMP,1.797,-0.165
173.0,ACCEL,2.903,0.459
173.0,GYRO,1.36,-0.46
173.0,COMP,1.817,-0.152
183.0,ACCEL,2.583,0.562
183.0,GYRO,1.361,-0.462
183.0,COMP,1.833,-0.14
193.0,ACCEL,2.78,0.489
193.0,GYRO,1.359,-0.465
193.0,COMP,1.85,-0.131
203.0,ACCEL,2.718,0.319
203.0,GYRO,1.362,-0.471
203.0,COMP,1.87,-0.128
213.0,ACCEL,2.752,0.479
213.0,GYRO,1.362,-0.479
213.0,COMP,1.888,-0.123
223.0,ACCEL,2.777,0.605
223.0,GYRO,1.365,-0.482
223.0,COMP,1.908,-0.111
233.0,ACCEL,2.873,0.324
233.0,GYRO,1.362,-0.48
233.0,COMP,1.925,-0.101
243.0,ACCEL,2.834,0.695
243.0,GYRO,1.363,-0.479
243.0,COMP,1.944,-0.084
254.0,ACCEL,2.931,0.323
254.0,GYRO,1.361,-0.475
254.0,COMP,1.962,-0.072
263.0,ACCEL,2.811,0.749
263.0,GYRO,1.359,-0.471
263.0,COMP,1.977,-0.052
273.0,ACCEL,2.848,0.448
273.0,GYRO,1.358,-0.469
273.0,COMP,1.993,-0.04
283.0,ACCEL,2.906,0.489
283.0,GYRO,1.359,-0.467
283.0,COMP,2.012,-0.027
293.0,ACCEL,2.689,0.315
293.0,GYRO,1.36,-0.469
293.0,COMP,2.027,-0.023
303.0,ACCEL,2.809,0.653
303.0,GYRO,1.362,-0.472
303.0,COMP,2.045,-0.012
313.0,ACCEL,2.607,0.55
313.0,GYRO,1.363,-0.48
313.0,COMP,2.057,-0.008
323.0,ACCEL,2.956,0.543
323.0,GYRO,1.366,-0.484
323.0,COMP,2.077,-0.001
333.0,ACCEL,2.922,0.414
333.0,GYRO,1.367,-0.486
333.0,COMP,2.095,0.005
343.0,ACCEL,2.877,0.344
343.0,GYRO,1.362,-0.481
343.0,COMP,2.106,0.016
353.0,ACCEL,2.807,0.396
353.0,GYRO,1.359,-0.477
353.0,COMP,2.117,0.028
363.0,ACCEL,3.121,0.655
363.0,GYRO,1.353,-0.471
363.0,COMP,2.132,0.046
373.0,ACCEL,2.806,0.6
373.0,GYRO,1.352,-0.469
373.0,COMP,2.144,0.06
384.0,ACCEL,2.801,0.56
384.0,GYRO,1.355,-0.469
384.0,COMP,2.161,0.069
394.0,ACCEL,2.916,0.486
394.0,GYRO,1.362,-0.47
394.0,COMP,2.182,0.077
404.0,ACCEL,2.56,0.456
404.0,GYRO,1.363,-0.473
404.0,COMP,2.191,0.081
414.0,ACCEL,2.806,0.332
414.0,GYRO,1.362,-0.473
414.0,COMP,2.202,0.087
425.0,ACCEL,2.88,0.435
425.0,GYRO,1.363,-0.476
425.0,COMP,2.216,0.091
434.0,ACCEL,2.638,0.589
434.0,GYRO,1.365,-0.476
434.0,COMP,2.227,0.101
444.0,ACCEL,2.988,0.302
444.0,GYRO,1.367,-0.475
444.0,COMP,2.244,0.105
454.0,ACCEL,2.756,0.478
454.0,GYRO,1.365,-0.472
454.0,COMP,2.253,0.116
464.0,ACCEL,3.066,0.528
464.0,GYRO,1.365,-0.47
464.0,COMP,2.268,0.126
474.0,ACCEL,3.047,0.428
474.0,GYRO,1.366,-0.469
474.0,COMP,2.285,0.134
484.0,ACCEL,2.647,0.385
484.0,GYRO,1.366,-0.473
484.0,COMP,2.292,0.135
494.0,ACCEL,2.845,0.313
494.0,GYRO,1.369,-0.477
494.0,COMP,2.307,0.134
504.0,ACCEL,2.963,0.694
504.0,GYRO,1.374,-0.488
504.0,COMP,2.325,0.135
514.0,ACCEL,2.613,0.491
514.0,GYRO,1.376,-0.484
514.0,COMP,2.332,0.145
524.0,ACCEL,2.909,0.249
524.0,GYRO,1.368,-0.482
524.0,COMP,2.336,0.15
534.0,ACCEL,3.07,0.307
534.0,GYRO,1.369,-0.478
534.0,COMP,2.351,0.156
544.0,ACCEL,3.056,0.779
544.0,GYRO,1.376,-0.481
544.0,COMP,2.373,0.166
555.0,ACCEL,2.577,0.304
555.0,GYRO,1.384,-0.479
555.0,COMP,2.385,0.171
565.0,ACCEL,2.534,0.675
565.0,GYRO,1.383,-0.473
565.0,COMP,2.387,0.187
575.0,ACCEL,2.68,-2.574
575.0,GYRO,1.372,-0.366
575.0,COMP,2.382,0.236
585.0,ACCEL,2.865,0.44
585.0,GYRO,1.354,-0.276
585.0,COMP,2.374,0.329
596.0,ACCEL,2.666,0.218
596.0,GYRO,1.355,-0.159
596.0,COMP,2.38,0.441
605.0,ACCEL,3.23,0.791
605.0,GYRO,1.334,-0.042
605.0,COMP,2.377,0.563
615.0,ACCEL,2.24,0.586
615.0,GYRO,1.338,0.081
615.0,COMP,2.378,0.684
625.0,ACCEL,3.469,0.392
625.0,GYRO,1.316,0.234
625.0,COMP,2.378,0.828
635.0,ACCEL,3.128,0.782
635.0,GYRO,1.282,0.398
635.0,COMP,2.36,0.987
645.0,ACCEL,2.438,1.0
645.0,GYRO,1.26,0.614
645.0,COMP,2.34,1.2
655.0,ACCEL,3.047,0.938
655.0,GYRO,1.237,0.865
655.0,COMP,2.331,1.44
665.0,ACCEL,3.197,0.743
665.0,GYRO,1.168,1.22
665.0,COMP,2.281,1.774
675.0,ACCEL,2.963,1.538
675.0,GYRO,1.092,1.68
675.0,COMP,2.22,2.22
685.0,ACCEL,3.006,1.564
685.0,GYRO,1.012,2.208
685.0,COMP,2.157,2.725
695.0,ACCEL,2.005,1.537
695.0,GYRO,0.93,2.855
695.0,COMP,2.074,3.335
705.0,ACCEL,2.455,2.92
705.0,GYRO,0.858,3.576
705.0,COMP,2.011,4.033
715.0,ACCEL,0.308,3.603
715.0,GYRO,0.899,4.369
715.0,COMP,2.018,4.802
725.0,ACCEL,1.793,4.818
725.0,GYRO,1.107,5.151
725.0,COMP,2.216,5.568
735.0,ACCEL,2.426,3.725
735.0,GYRO,1.213,6.026
735.0,COMP,2.325,6.39
745.0,ACCEL,1.303,3.913
745.0,GYRO,1.302,7.08
745.0,COMP,2.392,7.373
755.0,ACCEL,8.348,5.535
755.0,GYRO,1.299,8.237
755.0,COMP,2.507,8.47
766.0,ACCEL,3.314,6.489
766.0,GYRO,1.251,9.579
766.0,COMP,2.477,9.745
775.0,ACCEL,1.617,7.866
775.0,GYRO,0.965,11.025
775.0,COMP,2.179,11.125
785.0,ACCEL,2.68,10.718
785.0,GYRO,0.608,12.405
785.0,COMP,1.84,12.469
795.0,ACCEL,2.948,11.714
795.0,GYRO,0.279,13.548
795.0,COMP,1.54,13.574
805.0,ACCEL,2.846,10.965
805.0,GYRO,0.108,14.437
805.0,COMP,1.398,14.393
815.0,ACCEL,1.273,13.254
815.0,GYRO,0.053,14.794
815.0,COMP,1.341,14.72
825.0,ACCEL,2.01,12.773
825.0,GYRO,0.03,14.88
825.0,COMP,1.332,14.766
835.0,ACCEL,2.501,12.487
835.0,GYRO,-0.031,14.882
835.0,COMP,1.296,14.722
845.0,ACCEL,1.912,11.556
845.0,GYRO,-0.087,14.918
845.0,COMP,1.253,14.694
855.0,ACCEL,2.301,11.279
855.0,GYRO,-0.139,15.107
855.0,COMP,1.223,14.81
865.0,ACCEL,1.774,12.024
865.0,GYRO,-0.138,15.38
865.0,COMP,1.235,15.022
875.0,ACCEL,1.69,12.146
875.0,GYRO,-0.169,15.68
875.0,COMP,1.214,15.259
885.0,ACCEL,1.463,12.551
885.0,GYRO,-0.209,15.967
885.0,COMP,1.18,15.486
896.0,ACCEL,1.229,13.087
896.0,GYRO,-0.241,16.215
896.0,COMP,1.149,15.681
906.0,ACCEL,1.675,12.668
906.0,GYRO,-0.28,16.413
906.0,COMP,1.122,15.815
916.0,ACCEL,1.882,12.696
916.0,GYRO,-0.334,16.641
916.0,COMP,1.084,15.976
926.0,ACCEL,1.628,13.149
926.0,GYRO,-0.369,16.869
926.0,COMP,1.06,16.143
937.0,ACCEL,1.825,13.072
937.0,GYRO,-0.383,17.13
937.0,COMP,1.062,16.337
946.0,ACCEL,1.359,13.283
946.0,GYRO,-0.372,17.414
946.0,COMP,1.079,16.554
956.0,ACCEL,1.366,13.413
956.0,GYRO,-0.339,17.696
956.0,COMP,1.117,16.768
966.0,ACCEL,1.568,13.877
966.0,GYRO,-0.307,17.996
966.0,COMP,1.157,17.004
976.0,ACCEL,1.934,13.981
976.0,GYRO,-0.28,18.29
976.0,COMP,1.2,17.231
986.0,ACCEL,1.602,14.397
986.0,GYRO,-0.238,18.567
986.0,COMP,1.249,17.446
996.0,ACCEL,1.825,14.726
996.0,GYRO,-0.215,18.827
996.0,COMP,1.282,17.647
1006.0,ACCEL,1.734,15.1
1006.0,GYRO,-0.207,19.047
1006.0,COMP,1.3,17.811
1016.0,ACCEL,1.793,15.087
1016.0,GYRO,-0.178,19.23
1016.0,COMP,1.337,17.936
1026.0,ACCEL,2.151,15.43
1026.0,GYRO,-0.161,19.38
1026.0,COMP,1.371,18.034
1036.0,ACCEL,1.982,15.383
1036.0,GYRO,-0.159,19.508
1036.0,COMP,1.385,18.106
1046.0,ACCEL,1.605,15.141
1046.0,GYRO,-0.16,19.655
1046.0,COMP,1.388,18.19
1056.0,ACCEL,1.868,15.14
1056.0,GYRO,-0.163,19.841
1056.0,COMP,1.395,18.312
1067.0,ACCEL,1.816,15.371
1067.0,GYRO,-0.167,20.096
1067.0,COMP,1.399,18.503
1077.0,ACCEL,1.952,15.934
1077.0,GYRO,-0.181,20.35
1077.0,COMP,1.397,18.7
1087.0,ACCEL,1.748,16.127
1087.0,GYRO,-0.192,20.589
1087.0,COMP,1.393,18.883
1097.0,ACCEL,1.833,16.197
1097.0,GYRO,-0.218,20.826
1097.0,COMP,1.376,19.061
1108.0,ACCEL,1.681,16.243
1108.0,GYRO,-0.238,21.061
1108.0,COMP,1.363,19.235
1117.0,ACCEL,1.554,16.342
1117.0,GYRO,-0.246,21.26
1117.0,COMP,1.359,19.373
1127.0,ACCEL,1.421,16.406
1127.0,GYRO,-0.248,21.477
1127.0,COMP,1.358,19.526
1137.0,ACCEL,1.502,16.908
1137.0,GYRO,-0.238,21.697
1137.0,COMP,1.371,19.689
1147.0,ACCEL,1.903,17.079
1147.0,GYRO,-0.224,21.906
1147.0,COMP,1.395,19.842
1157.0,ACCEL,1.819,17.519
1157.0,GYRO,-0.224,22.098
1157.0,COMP,1.404,19.984
1167.0,ACCEL,2.107,17.736
1167.0,GYRO,-0.223,22.213
1167.0,COMP,1.419,20.051
1177.0,ACCEL,1.614,17.544
1177.0,GYRO,-0.226,22.274
1177.0,COMP,1.42,20.061
1187.0,ACCEL,1.491,17.691
1187.0,GYRO,-0.233,22.298
1187.0,COMP,1.414,20.037
1197.0,ACCEL,1.674,17.762
1197.0,GYRO,-0.24,22.288
1197.0,COMP,1.413,19.982
1207.0,ACCEL,1.915,17.451
1207.0,GYRO,-0.238,22.276
1207.0,COMP,1.424,19.919
1217.0,ACCEL,1.927,17.043
1217.0,GYRO,-0.239,22.266
1217.0,COMP,1.433,19.852
1227.0,ACCEL,1.876,15.994
1227.0,GYRO,-0.243,22.279
1227.0,COMP,1.439,19.788
1237.0,ACCEL,1.633,17.259
1237.0,GYRO,-0.235,22.306
1237.0,COMP,1.45,19.764
1247.0,ACCEL,1.963,17.198
1247.0,GYRO,-0.219,22.351
1247.0,COMP,1.476,19.756
1257.0,ACCEL,1.562,17.469
1257.0,GYRO,-0.185,22.399
1257.0,COMP,1.512,19.758
1267.0,ACCEL,1.441,17.291
1267.0,GYRO,-0.13,22.459
1267.0,COMP,1.564,19.767
1278.0,ACCEL,1.475,17.068
1278.0,GYRO,-0.076,22.551
1278.0,COMP,1.614,19.803
1287.0,ACCEL,1.972,17.577
1287.0,GYRO,-0.038,22.645
1287.0,COMP,1.659,19.851
1297.0,ACCEL,1.913,17.774
1297.0,GYRO,-0.014,22.728
1297.0,COMP,1.688,19.89
1307.0,ACCEL,1.909,17.639
1307.0,GYRO,-0.002,22.794
1307.0,COMP,1.704,19.91
1317.0,ACCEL,2.105,18.016
1317.0,GYRO,0.005,22.847
1317.0,COMP,1.719,19.924
1327.0,ACCEL,1.837,17.672
1327.0,GYRO,0.015,22.886
1327.0,COMP,1.731,19.918
1337.0,ACCEL,2.184,17.836
1337.0,GYRO,0.031,22.938
1337.0,COMP,1.756,19.927
1347.0,ACCEL,1.964,18.02
1347.0,GYRO,0.055,22.984
1347.0,COMP,1.783,19.934
1357.0,ACCEL,2.17,18.198
1357.0,GYRO,0.084,23.025
1357.0,COMP,1.82,19.939
1367.0,ACCEL,2.006,17.903
1367.0,GYRO,0.115,23.051
1367.0,COMP,1.854,19.924
1377.0,ACCEL,2.24,18.104
1377.0,GYRO,0.139,23.068
1377.0,COMP,1.886,19.905
1387.0,ACCEL,2.156,18.21
1387.0,GYRO,0.156,23.087
1387.0,COMP,1.907,19.889
1397.0,ACCEL,1.965,18.177
1397.0,GYRO,0.167,23.103
1397.0,COMP,1.919,19.871
1408.0,ACCEL,1.989,18.104
1408.0,GYRO,0.185,23.13
1408.0,COMP,1.938,19.862
1418.0,ACCEL,2.128,17.796
1418.0,GYRO,0.203,23.153
1418.0,COMP,1.96,19.843
1428.0,ACCEL,2.331,17.58
1428.0,GYRO,0.216,23.185
1428.0,COMP,1.98,19.829
1438.0,ACCEL,2.023,18.154
1438.0,GYRO,0.23,23.228
1438.0,COMP,1.994,19.838
1449.0,ACCEL,2.123,18.203
1449.0,GYRO,0.245,23.28
1449.0,COMP,2.011,19.856
1458.0,ACCEL,2.197,18.027
1458.0,GYRO,0.259,23.335
1458.0,COMP,2.029,19.873
1468.0,ACCEL,2.099,18.366
1468.0,GYRO,0.276,23.385
1468.0,COMP,2.048,19.892
1478.0,ACCEL,2.095,18.009
1478.0,GYRO,0.292,23.437
1478.0,COMP,2.064,19.905
1488.0,ACCEL,2.11,18.289
1488.0,GYRO,0.307,23.488
1488.0,COMP,2.079,19.923
1498.0,ACCEL,2.244,18.564
1498.0,GYRO,0.317,23.537
1498.0,COMP,2.093,19.944
1508.0,ACCEL,2.502,18.344
1508.0,GYRO,0.324,23.591
1508.0,COMP,2.107,19.964
1518.0,ACCEL,2.439,18.456
1518.0,GYRO,0.335,23.64
1518.0,COMP,2.125,19.983
1528.0,ACCEL,2.093,18.423
1528.0,GYRO,0.348,23.686
1528.0,COMP,2.137,19.997
1538.0,ACCEL,2.402,18.675
1538.0,GYRO,0.355,23.73
1538.0,COMP,2.149,20.013
1548.0,ACCEL,2.335,18.67
1548.0,GYRO,0.361,23.779
1548.0,COMP,2.159,20.035
1558.0,ACCEL,2.338,18.333
1558.0,GYRO,0.364,23.829
1558.0,COMP,2.165,20.049
1568.0,ACCEL,2.189,18.53
1568.0,GYRO,0.362,23.871
1568.0,COMP,2.164,20.06
1579.0,ACCEL,2.27,18.455
1579.0,GYRO,0.366,23.92
1579.0,COMP,2.169,20.076
1589.0,ACCEL,2.106,18.574
1589.0,GYRO,0.366,23.961
1589.0,COMP,2.169,20.086
1599.0,ACCEL,2.35,18.511
1599.0,GYRO,0.367,23.997
1599.0,COMP,2.173,20.09
1609.0,ACCEL,2.235,19.006
1609.0,GYRO,0.367,24.032
1609.0,COMP,2.174,20.103
1620.0,ACCEL,2.138,18.567
1620.0,GYRO,0.368,24.07
1620.0,COMP,2.175,20.109
1629.0,ACCEL,2.109,18.46
1629.0,GYRO,0.368,24.095
1629.0,COMP,2.173,20.1
1639.0,ACCEL,2.084,18.457
1639.0,GYRO,0.374,24.117
1639.0,COMP,2.177,20.09
1649.0,ACCEL,2.1,18.734
1649.0,GYRO,0.375,24.151
1649.0,COMP,2.177,20.095
1659.0,ACCEL,2.303,18.909
1659.0,GYRO,0.369,24.181
1659.0,COMP,2.173,20.102
1669.0,ACCEL,2.175,18.731
1669.0,GYRO,0.363,24.209
1669.0,COMP,2.168,20.101
1679.0,ACCEL,2.175,18.859
1679.0,GYRO,0.362,24.232
1679.0,COMP,2.167,20.099
1689.0,ACCEL,2.238,19.044
1689.0,GYRO,0.361,24.258
1689.0,COMP,2.167,20.103
1699.0,ACCEL,2.174,18.649
1699.0,GYRO,0.359,24.278
1699.0,COMP,2.165,20.094
1709.0,ACCEL,2.386,18.925
1709.0,GYRO,0.359,24.299
1709.0,COMP,2.17,20.091
1719.0,ACCEL,2.265,18.656
1719.0,GYRO,0.361,24.321
1719.0,COMP,2.173,20.083
1729.0,ACCEL,2.436,18.903
1729.0,GYRO,0.361,24.34
1729.0,COMP,2.179,20.079
1739.0,ACCEL,2.338,18.909
1739.0,GYRO,0.361,24.354
1739.0,COMP,2.183,20.069
1749.0,ACCEL,2.375,18.844
1749.0,GYRO,0.363,24.364
1749.0,COMP,2.188,20.054
1759.0,ACCEL,2.503,19.039
1759.0,GYRO,0.368,24.368
1759.0,COMP,2.199,20.038
1769.0,ACCEL,2.152,18.722
1769.0,GYRO,0.372,24.379
1769.0,COMP,2.202,20.022
1779.0,ACCEL,2.417,18.94
1779.0,GYRO,0.374,24.39
1779.0,COMP,2.208,20.012
1790.0,ACCEL,2.34,18.828
1790.0,GYRO,0.374,24.399
1790.0,COMP,2.211,19.997
1799.0,ACCEL,2.202,18.831
1799.0,GYRO,0.375,24.406
1799.0,COMP,2.212,19.98
1809.0,ACCEL,1.992,18.983
1809.0,GYRO,0.378,24.417
1809.0,COMP,2.211,19.971
1819.0,ACCEL,2.29,18.958
1819.0,GYRO,0.379,24.43
1819.0,COMP,2.213,19.964
1829.0,ACCEL,2.347,18.877
1829.0,GYRO,0.381,24.443
1829.0,COMP,2.217,19.955
1839.0,ACCEL,2.269,18.746
1839.0,GYRO,0.381,24.463
1839.0,COMP,2.219,19.95
1849.0,ACCEL,1.955,18.955
1849.0,GYRO,0.38,24.479
1849.0,COMP,2.213,19.946
1859.0,ACCEL,2.496,18.949
1859.0,GYRO,0.382,24.497
1859.0,COMP,2.22,19.943
1869.0,ACCEL,2.506,18.945
1869.0,GYRO,0.381,24.516
1869.0,COMP,2.225,19.943
1879.0,ACCEL,2.283,19.134
1879.0,GYRO,0.379,24.531
1879.0,COMP,2.224,19.94
1889.0,ACCEL,2.341,19.325
1889.0,GYRO,0.377,24.54
1889.0,COMP,2.224,19.938
1899.0,ACCEL,2.194,19.115
1899.0,GYRO,0.372,24.546
1899.0,COMP,2.219,19.927
1909.0,ACCEL,2.449,19.035
1909.0,GYRO,0.366,24.553
1909.0,COMP,2.218,19.916
1920.0,ACCEL,2.145,18.88
1920.0,GYRO,0.358,24.565
1920.0,COMP,2.208,19.907
1930.0,ACCEL,2.507,19.257
1930.0,GYRO,0.355,24.574
1930.0,COMP,2.212,19.902
1940.0,ACCEL,2.366,19.184
1940.0,GYRO,0.351,24.581
1940.0,COMP,2.21,19.895
1950.0,ACCEL,2.216,19.29
1950.0,GYRO,0.348,24.586
1950.0,COMP,2.208,19.888
1961.0,ACCEL,2.086,19.278
1961.0,GYRO,0.347,24.587
1961.0,COMP,2.205,19.877
1970.0,ACCEL,2.132,19.033
1970.0,GYRO,0.349,24.589
1970.0,COMP,2.205,19.862
1980.0,ACCEL,2.263,19.118
1980.0,GYRO,0.353,24.589
1980.0,COMP,2.21,19.847
1990.0,ACCEL,2.046,19.116
1990.0,GYRO,0.36,24.592
1990.0,COMP,2.214,19.836
2000.0,ACCEL,2.195,19.108
2000.0,GYRO,0.362,24.602
2000.0,COMP,2.215,19.831
2010.0,ACCEL,2.402,19.08
2010.0,GYRO,0.363,24.614
2010.0,COMP,2.22,19.827
2020.0,ACCEL,2.308,19.231
2020.0,GYRO,0.364,24.629
2020.0,COMP,2.223,19.83
2030.0,ACCEL,2.174,19.035
2030.0,GYRO,0.366,24.643
2030.0,COMP,2.224,19.828
2040.0,ACCEL,2.465,19.118
2040.0,GYRO,0.368,24.65
2040.0,COMP,2.231,19.82
2050.0,ACCEL,2.245,19.239
2050.0,GYRO,0.368,24.655
2050.0,COMP,2.231,19.814
2060.0,ACCEL,2.251,19.111
2060.0,GYRO,0.368,24.664
2060.0,COMP,2.231,19.808
2070.0,ACCEL,2.449,19.097
2070.0,GYRO,0.368,24.674
2070.0,COMP,2.235,19.804
2080.0,ACCEL,2.227,19.027
2080.0,GYRO,0.369,24.684
2080.0,COMP,2.236,19.799
2091.0,ACCEL,2.207,19.296
2091.0,GYRO,0.369,24.691
2091.0,COMP,2.235,19.796
2101.0,ACCEL,2.333,19.55
2101.0,GYRO,0.369,24.694
2101.0,COMP,2.238,19.794
2111.0,ACCEL,2.449,18.994
2111.0,GYRO,0.371,24.697
2111.0,COMP,2.243,19.78
2121.0,ACCEL,2.205,19.159
2121.0,GYRO,0.368,24.7
2121.0,COMP,2.24,19.77
2132.0,ACCEL,2.241,19.229
2132.0,GYRO,0.368,24.705
2132.0,COMP,2.24,19.765
2141.0,ACCEL,2.14,19.275
2141.0,GYRO,0.37,24.708
2141.0,COMP,2.24,19.758
2151.0,ACCEL,2.215,19.141
2151.0,GYRO,0.369,24.708
2151.0,COMP,2.239,19.746
2161.0,ACCEL,2.194,18.95
2161.0,GYRO,0.369,24.711
2161.0,COMP,2.237,19.733
2171.0,ACCEL,2.47,19.227
2171.0,GYRO,0.367,24.713
2171.0,COMP,2.24,19.725
2181.0,ACCEL,2.243,19.286
2181.0,GYRO,0.364,24.717
2181.0,COMP,2.238,19.719
2191.0,ACCEL,2.18,19.151
2191.0,GYRO,0.361,24.715
2191.0,COMP,2.233,19.707
2201.0,ACCEL,2.202,19.225
2201.0,GYRO,0.359,24.712
2201.0,COMP,2.23,19.694
2211.0,ACCEL,2.415,19.269
2211.0,GYRO,0.358,24.707
2211.0,COMP,2.233,19.681
2221.0,ACCEL,2.151,18.968
2221.0,GYRO,0.358,24.715
2221.0,COMP,2.232,19.674
2231.0,ACCEL,2.217,19.152
2231.0,GYRO,0.357,24.726
2231.0,COMP,2.231,19.674
2241.0,ACCEL,2.216,19.168
2241.0,GYRO,0.357,24.734
2241.0,COMP,2.231,19.672
2251.0,ACCEL,2.236,19.498
2251.0,GYRO,0.354,24.736
2251.0,COMP,2.227,19.671
2261.0,ACCEL,2.352,19.203
2261.0,GYRO,0.35,24.734
2261.0,COMP,2.226,19.659
2271.0,ACCEL,2.19,19.205
2271.0,GYRO,0.343,24.731
2271.0,COMP,2.218,19.647
2281.0,ACCEL,2.1,19.108
2281.0,GYRO,0.339,24.737
2281.0,COMP,2.212,19.642
2291.0,ACCEL,2.295,19.281
2291.0,GYRO,0.339,24.749
2291.0,COMP,2.214,19.646
2302.0,ACCEL,2.259,19.237
2302.0,GYRO,0.338,24.759
2302.0,COMP,2.213,19.648
2311.0,ACCEL,2.296,19.279
2311.0,GYRO,0.337,24.764
2311.0,COMP,2.214,19.646
2321.0,ACCEL,2.373,19.105
2321.0,GYRO,0.332,24.766
2321.0,COMP,2.213,19.637
2331.0,ACCEL,2.294,19.299
2331.0,GYRO,0.329,24.764
2331.0,COMP,2.211,19.629
2341.0,ACCEL,2.135,19.088
2341.0,GYRO,0.326,24.763
2341.0,COMP,2.207,19.616
2351.0,ACCEL,2.465,19.375
2351.0,GYRO,0.324,24.762
2351.0,COMP,2.21,19.611
2361.0,ACCEL,2.15,19.213
2361.0,GYRO,0.32,24.764
2361.0,COMP,2.205,19.605
2371.0,ACCEL,2.166,19.177
2371.0,GYRO,0.321,24.767
2371.0,COMP,2.205,19.599
2381.0,ACCEL,2.205,19.101
2381.0,GYRO,0.32,24.768
2381.0,COMP,2.205,19.59
2391.0,ACCEL,2.217,19.273
2391.0,GYRO,0.32,24.769
2391.0,COMP,2.204,19.585
2401.0,ACCEL,2.486,19.105
2401.0,GYRO,0.318,24.766
2401.0,COMP,2.208,19.573
2411.0,ACCEL,1.921,19.103
2411.0,GYRO,0.314,24.768
2411.0,COMP,2.199,19.565
2421.0,ACCEL,2.248,19.06
2421.0,GYRO,0.309,24.773
2421.0,COMP,2.195,19.559
2432.0,ACCEL,2.445,19.059
2432.0,GYRO,0.309,24.774
2432.0,COMP,2.2,19.55
2442.0,ACCEL,1.99,19.056
2442.0,GYRO,0.311,24.774
2442.0,COMP,2.197,19.541
2452.0,ACCEL,1.952,18.925
2452.0,GYRO,0.313,24.777
2452.0,COMP,2.194,19.531
2462.0,ACCEL,2.222,19.167
2462.0,GYRO,0.313,24.776
2462.0,COMP,2.195,19.523
2473.0,ACCEL,2.281,19.166
2473.0,GYRO,0.315,24.776
2473.0,COMP,2.198,19.515
2482.0,ACCEL,2.219,19.048
2482.0,GYRO,0.316,24.775
2482.0,COMP,2.2,19.505
2492.0,ACCEL,2.339,19.24
2492.0,GYRO,0.315,24.775
2492.0,COMP,2.202,19.5
2502.0,ACCEL,2.097,19.238
2502.0,GYRO,0.312,24.774
2502.0,COMP,2.197,19.494
2512.0,ACCEL,2.123,19.215
2512.0,GYRO,0.309,24.773
2512.0,COMP,2.193,19.487
2522.0,ACCEL,2.016,19.07
2522.0,GYRO,0.311,24.772
2522.0,COMP,2.19,19.478
2532.0,ACCEL,2.329,19.227
2532.0,GYRO,0.315,24.771
2532.0,COMP,2.198,19.473
2542.0,ACCEL,2.056,19.17
2542.0,GYRO,0.319,24.773
2542.0,COMP,2.198,19.468
2552.0,ACCEL,1.843,19.081
2552.0,GYRO,0.323,24.778
2552.0,COMP,2.195,19.465
2562.0,ACCEL,2.119,19.114
2562.0,GYRO,0.325,24.78
2562.0,COMP,2.196,19.46
2572.0,ACCEL,2.206,19.35
2572.0,GYRO,0.325,24.781
2572.0,COMP,2.196,19.459
2582.0,ACCEL,2.349,19.179
2582.0,GYRO,0.325,24.782
2582.0,COMP,2.199,19.455
2592.0,ACCEL,2.157,19.229
2592.0,GYRO,0.327,24.784
2592.0,COMP,2.2,19.451
2603.0,ACCEL,2.131,19.217
2603.0,GYRO,0.327,24.783
2603.0,COMP,2.199,19.446
2613.0,ACCEL,2.399,18.96
2613.0,GYRO,0.327,24.781
2613.0,COMP,2.203,19.434
2623.0,ACCEL,2.327,18.961
2623.0,GYRO,0.325,24.781
2623.0,COMP,2.204,19.425
2633.0,ACCEL,2.082,19.166
2633.0,GYRO,0.326,24.78
2633.0,COMP,2.202,19.419
2644.0,ACCEL,2.162,19.022
2644.0,GYRO,0.323,24.779
2644.0,COMP,2.198,19.41
2653.0,ACCEL,2.323,19.272
2653.0,GYRO,0.318,24.777
2653.0,COMP,2.196,19.406
2663.0,ACCEL,1.968,19.277
2663.0,GYRO,0.315,24.775
2663.0,COMP,2.189,19.4
2673.0,ACCEL,2.148,19.081
2673.0,GYRO,0.314,24.773
2673.0,COMP,2.187,19.392
2683.0,ACCEL,2.101,18.995
2683.0,GYRO,0.317,24.774
2683.0,COMP,2.188,19.385
2693.0,ACCEL,2.343,19.301
2693.0,GYRO,0.319,24.777
2693.0,COMP,2.193,19.386
2703.0,ACCEL,2.247,19.253
2703.0,GYRO,0.32,24.779
2703.0,COMP,2.195,19.385
2713.0,ACCEL,2.523,19.31
2713.0,GYRO,0.32,24.778
2713.0,COMP,2.201,19.384
2723.0,ACCEL,2.175,19.16
2723.0,GYRO,0.321,24.776
2723.0,COMP,2.202,19.377
2733.0,ACCEL,2.159,19.263
2733.0,GYRO,0.324,24.778
2733.0,COMP,2.204,19.377
2743.0,ACCEL,2.416,19.001
2743.0,GYRO,0.326,24.783
2743.0,COMP,2.21,19.374
2753.0,ACCEL,2.201,19.38
2753.0,GYRO,0.324,24.787
2753.0,COMP,2.208,19.378
2763.0,ACCEL,2.156,19.224
2763.0,GYRO,0.321,24.786
2763.0,COMP,2.204,19.374
2773.0,ACCEL,2.098,19.161
2773.0,GYRO,0.318,24.783
2773.0,COMP,2.198,19.367
2783.0,ACCEL,2.211,18.916
2783.0,GYRO,0.315,24.783
2783.0,COMP,2.196,19.358
2793.0,ACCEL,2.183,18.961
2793.0,GYRO,0.32,24.786
2793.0,COMP,2.2,19.352
2803.0,ACCEL,2.083,19.205
2803.0,GYRO,0.323,24.793
2803.0,COMP,2.201,19.356
2814.0,ACCEL,2.18,19.318
2814.0,GYRO,0.323,24.797
2814.0,COMP,2.201,19.36
2823.0,ACCEL,2.082,18.965
2823.0,GYRO,0.323,24.798
2823.0,COMP,2.198,19.352
2833.0,ACCEL,1.9,18.687
2833.0,GYRO,0.321,24.799
2833.0,COMP,2.191,19.34
2843.0,ACCEL,2.144,19.34
2843.0,GYRO,0.323,24.801
2843.0,COMP,2.192,19.342
2853.0,ACCEL,2.078,19.021
2853.0,GYRO,0.324,24.801
2853.0,COMP,2.19,19.337
2863.0,ACCEL,2.401,19.329
2863.0,GYRO,0.326,24.803
2863.0,COMP,2.196,19.338
2873.0,ACCEL,2.275,19.141
2873.0,GYRO,0.326,24.805
2873.0,COMP,2.198,19.336
2883.0,ACCEL,2.14,18.665
2883.0,GYRO,0.327,24.807
2883.0,COMP,2.198,19.325
2893.0,ACCEL,2.035,19.136
2893.0,GYRO,0.325,24.81
2893.0,COMP,2.193,19.324
2903.0,ACCEL,2.154,19.268
2903.0,GYRO,0.324,24.811
2903.0,COMP,2.191,19.323
2913.0,ACCEL,2.098,19.283
2913.0,GYRO,0.319,24.813
2913.0,COMP,2.185,19.325
2923.0,ACCEL,2.138,19.072
2923.0,GYRO,0.313,24.814
2923.0,COMP,2.177,19.32
2933.0,ACCEL,1.975,19.275
2933.0,GYRO,0.309,24.814
2933.0,COMP,2.169,19.32
2944.0,ACCEL,2.261,18.986
2944.0,GYRO,0.306,24.813
2944.0,COMP,2.168,19.312
2954.0,ACCEL,2.048,19.026
2954.0,GYRO,0.307,24.812
2954.0,COMP,2.167,19.305
2964.0,ACCEL,2.221,19.086
2964.0,GYRO,0.305,24.811
2964.0,COMP,2.166,19.3
2974.0,ACCEL,2.047,19.009
2974.0,GYRO,0.308,24.809
2974.0,COMP,2.166,19.292
2985.0,ACCEL,2.333,18.976
2985.0,GYRO,0.309,24.807
2985.0,COMP,2.171,19.284
2994.0,ACCEL,2.156,18.909
2994.0,GYRO,0.309,24.809
2994.0,COMP,2.171,19.279
3004.0,ACCEL,2.109,19.087
3004.0,GYRO,0.308,24.808
3004.0,COMP,2.168,19.274
3014.0,ACCEL,2.084,19.047
3014.0,GYRO,0.306,24.805
3014.0,COMP,2.165,19.266
3024.0,ACCEL,2.284,19.131
3024.0,GYRO,0.303,24.798
3024.0,COMP,2.164,19.256
3034.0,ACCEL,2.066,18.998
3034.0,GYRO,0.297,24.793
3034.0,COMP,2.156,19.246
3044.0,ACCEL,2.137,18.944
3044.0,GYRO,0.292,24.792
3044.0,COMP,2.152,19.239
3054.0,ACCEL,2.248,18.979
3054.0,GYRO,0.288,24.788
3054.0,COMP,2.149,19.23
3064.0,ACCEL,2.118,19.207
3064.0,GYRO,0.285,24.784
3064.0,COMP,2.145,19.226
3074.0,ACCEL,1.998,19.292
3074.0,GYRO,0.285,24.781
3074.0,COMP,2.143,19.224
3084.0,ACCEL,2.274,19.208
3084.0,GYRO,0.285,24.779
3084.0,COMP,2.145,19.222
3094.0,ACCEL,2.06,19.291
3094.0,GYRO,0.283,24.779
3094.0,COMP,2.141,19.224
3104.0,ACCEL,2.228,19.044
3104.0,GYRO,0.283,24.78
3104.0,COMP,2.143,19.22
3115.0,ACCEL,1.88,19.327
3115.0,GYRO,0.281,24.777
3115.0,COMP,2.136,19.22
3125.0,ACCEL,2.073,18.803
3125.0,GYRO,0.277,24.775
3125.0,COMP,2.131,19.21
3135.0,ACCEL,2.374,19.217
3135.0,GYRO,0.276,24.773
3135.0,COMP,2.135,19.208
3145.0,ACCEL,2.476,19.236
3145.0,GYRO,0.276,24.77
3145.0,COMP,2.141,19.206
3156.0,ACCEL,1.999,19.012
3156.0,GYRO,0.276,24.768
3156.0,COMP,2.139,19.2
3165.0,ACCEL,2.094,19.193
3165.0,GYRO,0.276,24.765
3165.0,COMP,2.138,19.196
3175.0,ACCEL,2.092,19.214
3175.0,GYRO,0.277,24.763
3175.0,COMP,2.138,19.195
3185.0,ACCEL,2.409,18.936
3185.0,GYRO,0.274,24.758
3185.0,COMP,2.141,19.185
3195.0,ACCEL,2.217,19.175
3195.0,GYRO,0.27,24.757
3195.0,COMP,2.139,19.183
3205.0,ACCEL,2.154,19.289
3205.0,GYRO,0.268,24.756
3205.0,COMP,2.137,19.185
3215.0,ACCEL,2.119,19.093
3215.0,GYRO,0.264,24.759
3215.0,COMP,2.132,19.186
3225.0,ACCEL,2.089,19.031
3225.0,GYRO,0.262,24.761
3225.0,COMP,2.129,19.184
3235.0,ACCEL,2.399,19.362
3235.0,GYRO,0.259,24.758
3235.0,COMP,2.132,19.186
3245.0,ACCEL,2.173,19.323
3245.0,GYRO,0.255,24.755
3245.0,COMP,2.129,19.186
3255.0,ACCEL,2.216,18.883
3255.0,GYRO,0.254,24.751
3255.0,COMP,2.129,19.175
3265.0,ACCEL,2.224,19.123
3265.0,GYRO,0.251,24.747
3265.0,COMP,2.129,19.17
3275.0,ACCEL,1.964,19.136
3275.0,GYRO,0.248,24.741
3275.0,COMP,2.122,19.164
3285.0,ACCEL,2.128,19.126
3285.0,GYRO,0.246,24.734
3285.0,COMP,2.121,19.156
3295.0,ACCEL,2.128,19.022
3295.0,GYRO,0.241,24.734
3295.0,COMP,2.115,19.153
3305.0,ACCEL,2.363,19.099
3305.0,GYRO,0.238,24.731
3305.0,COMP,2.117,19.149
3315.0,ACCEL,2.207,19.21
3315.0,GYRO,0.234,24.73
3315.0,COMP,2.116,19.15
3326.0,ACCEL,1.849,19.22
3326.0,GYRO,0.234,24.726
3326.0,COMP,2.11,19.148
3335.0,ACCEL,1.915,19.119
3335.0,GYRO,0.236,24.726
3335.0,COMP,2.109,19.146
3345.0,ACCEL,1.862,18.983
3345.0,GYRO,0.236,24.722
3345.0,COMP,2.104,19.139
3355.0,ACCEL,1.935,19.004
3355.0,GYRO,0.239,24.719
3355.0,COMP,2.103,19.134
3365.0,ACCEL,2.138,18.877
3365.0,GYRO,0.241,24.715
3365.0,COMP,2.106,19.125
3375.0,ACCEL,1.733,19.195
3375.0,GYRO,0.239,24.711
3375.0,COMP,2.096,19.122
3385.0,ACCEL,2.296,19.114
3385.0,GYRO,0.24,24.711
3385.0,COMP,2.101,19.122
3395.0,ACCEL,2.176,19.09
3395.0,GYRO,0.239,24.71
3395.0,COMP,2.102,19.12
3405.0,ACCEL,1.96,18.954
3405.0,GYRO,0.24,24.709
3405.0,COMP,2.1,19.116
3415.0,ACCEL,2.083,19.013
3415.0,GYRO,0.238,24.707
3415.0,COMP,2.097,19.112
3425.0,ACCEL,2.221,19.169
3425.0,GYRO,0.237,24.707
3425.0,COMP,2.099,19.113
3435.0,ACCEL,1.888,19.154
3435.0,GYRO,0.237,24.704
3435.0,COMP,2.095,19.111
3445.0,ACCEL,2.14,19.089
3445.0,GYRO,0.235,24.7
3445.0,COMP,2.093,19.106
3456.0,ACCEL,2.262,19.02
3456.0,GYRO,0.233,24.699
3456.0,COMP,2.095,19.104
3466.0,ACCEL,2.274,18.886
3466.0,GYRO,0.235,24.697
3466.0,COMP,2.1,19.097
3476.0,ACCEL,2.154,18.872
3476.0,GYRO,0.236,24.697
3476.0,COMP,2.103,19.093
3486.0,ACCEL,2.315,19.039
3486.0,GYRO,0.237,24.697
3486.0,COMP,2.108,19.092
3497.0,ACCEL,2.304,18.877
3497.0,GYRO,0.237,24.696
3497.0,COMP,2.112,19.086
3506.0,ACCEL,1.997,18.894
3506.0,GYRO,0.239,24.694
3506.0,COMP,2.111,19.081
3516.0,ACCEL,2.175,18.627
3516.0,GYRO,0.241,24.693
3516.0,COMP,2.114,19.07
3526.0,ACCEL,2.154,19.033
3526.0,GYRO,0.244,24.693
3526.0,COMP,2.119,19.07
3536.0,ACCEL,2.159,19.172
3536.0,GYRO,0.247,24.694
3536.0,COMP,2.122,19.074
3546.0,ACCEL,1.956,19.131
3546.0,GYRO,0.248,24.696
3546.0,COMP,2.12,19.076
3556.0,ACCEL,2.086,19.074
3556.0,GYRO,0.25,24.695
3556.0,COMP,2.121,19.075
3566.0,ACCEL,2.178,18.833
3566.0,GYRO,0.249,24.696
3566.0,COMP,2.121,19.071
3576.0,ACCEL,2.232,19.062
3576.0,GYRO,0.249,24.699
3576.0,COMP,2.123,19.074
3586.0,ACCEL,2.014,18.929
3586.0,GYRO,0.248,24.703
3586.0,COMP,2.121,19.075
3596.0,ACCEL,2.003,18.933
3596.0,GYRO,0.247,24.703
3596.0,COMP,2.117,19.072
3606.0,ACCEL,1.994,18.917
3606.0,GYRO,0.245,24.701
3606.0,COMP,2.112,19.067
3616.0,ACCEL,2.081,19.049
3616.0,GYRO,0.243,24.7
3616.0,COMP,2.11,19.066
3627.0,ACCEL,1.948,18.834
3627.0,GYRO,0.243,24.699
3627.0,COMP,2.107,19.061
3637.0,ACCEL,1.971,18.9
3637.0,GYRO,0.247,24.696
3637.0,COMP,2.108,19.054
3647.0,ACCEL,1.775,18.914
3647.0,GYRO,0.25,24.694
3647.0,COMP,2.104,19.05
3657.0,ACCEL,2.036,19.086
3657.0,GYRO,0.254,24.689
3657.0,COMP,2.106,19.045
3668.0,ACCEL,2.306,18.758
3668.0,GYRO,0.252,24.688
3668.0,COMP,2.109,19.039
3677.0,ACCEL,2.103,19.032
3677.0,GYRO,0.252,24.69
3677.0,COMP,2.109,19.041
3687.0,ACCEL,2.143,19.016
3687.0,GYRO,0.254,24.689
3687.0,COMP,2.111,19.038
3697.0,ACCEL,2.054,19.061
3697.0,GYRO,0.256,24.688
3697.0,COMP,2.112,19.038
3707.0,ACCEL,2.265,18.897
3707.0,GYRO,0.257,24.686
3707.0,COMP,2.117,19.033
3717.0,ACCEL,2.202,18.827
3717.0,GYRO,0.256,24.683
3717.0,COMP,2.117,19.027
3727.0,ACCEL,1.98,18.762
3727.0,GYRO,0.257,24.682
3727.0,COMP,2.115,19.02
3737.0,ACCEL,2.167,19.104
3737.0,GYRO,0.255,24.676
3737.0,COMP,2.114,19.016
3747.0,ACCEL,2.075,19.107
3747.0,GYRO,0.254,24.673
3747.0,COMP,2.112,19.015
3757.0,ACCEL,2.015,18.963
3757.0,GYRO,0.251,24.67
3757.0,COMP,2.108,19.011
3767.0,ACCEL,2.525,18.83
3767.0,GYRO,0.252,24.665
3767.0,COMP,2.117,19.003
3777.0,ACCEL,1.932,18.892
3777.0,GYRO,0.257,24.665
3777.0,COMP,2.118,19.001
3787.0,ACCEL,2.295,19.221
3787.0,GYRO,0.259,24.666
3787.0,COMP,2.124,19.006
3797.0,ACCEL,2.434,19.046
3797.0,GYRO,0.262,24.668
3797.0,COMP,2.132,19.008
3807.0,ACCEL,2.326,18.995
3807.0,GYRO,0.263,24.668
3807.0,COMP,2.137,19.008
3817.0,ACCEL,2.316,18.919
3817.0,GYRO,0.259,24.663
3817.0,COMP,2.137,19.002
3827.0,ACCEL,2.339,19.049
3827.0,GYRO,0.259,24.66
3827.0,COMP,2.142,18.999
3838.0,ACCEL,2.186,19.049
3838.0,GYRO,0.258,24.655
3838.0,COMP,2.141,18.995
3847.0,ACCEL,2.181,18.695
3847.0,GYRO,0.257,24.652
3847.0,COMP,2.141,18.987
3857.0,ACCEL,2.226,18.858
3857.0,GYRO,0.258,24.652
3857.0,COMP,2.144,18.984
3867.0,ACCEL,2.238,19.017
3867.0,GYRO,0.258,24.649
3867.0,COMP,2.145,18.982
3877.0,ACCEL,1.851,19.243
3877.0,GYRO,0.257,24.645
3877.0,COMP,2.139,18.983
3887.0,ACCEL,2.077,18.777
3887.0,GYRO,0.255,24.644
3887.0,COMP,2.135,18.978
3897.0,ACCEL,2.145,19.087
3897.0,GYRO,0.258,24.645
3897.0,COMP,2.138,18.981
3907.0,ACCEL,2.146,18.88
3907.0,GYRO,0.26,24.648
3907.0,COMP,2.141,18.982
3917.0,ACCEL,1.807,18.752
3917.0,GYRO,0.26,24.65
3917.0,COMP,2.134,18.979
3927.0,ACCEL,2.084,19.1
3927.0,GYRO,0.259,24.65
3927.0,COMP,2.132,18.982
3937.0,ACCEL,2.141,18.735
3937.0,GYRO,0.257,24.651
3937.0,COMP,2.13,18.978
3947.0,ACCEL,2.135,18.951
3947.0,GYRO,0.254,24.648
3947.0,COMP,2.127,18.974
3957.0,ACCEL,2.235,19.12
3957.0,GYRO,0.254,24.645
3957.0,COMP,2.129,18.974
3968.0,ACCEL,2.064,19.125
3968.0,GYRO,0.255,24.642
3968.0,COMP,2.129,18.974
3978.0,ACCEL,2.212,18.851
3978.0,GYRO,0.254,24.638
3978.0,COMP,2.13,18.967
3988.0,ACCEL,2.131,18.674
3988.0,GYRO,0.256,24.638
3988.0,COMP,2.132,18.962
3998.0,ACCEL,2.311,18.917
3998.0,GYRO,0.261,24.644
3998.0,COMP,2.14,18.967
4009.0,ACCEL,1.96,18.772
4009.0,GYRO,0.262,24.648
4009.0,COMP,2.138,18.967
4018.0,ACCEL,2.014,18.929
4018.0,GYRO,0.264,24.653
4018.0,COMP,2.137,18.971
4028.0,ACCEL,2.053,18.95
4028.0,GYRO,0.263,24.654
4028.0,COMP,2.134,18.972
4038.0,ACCEL,2.102,19.062
4038.0,GYRO,0.261,24.654
4038.0,COMP,2.132,18.973
4048.0,ACCEL,2.384,18.93
4048.0,GYRO,0.263,24.648
4048.0,COMP,2.139,18.967
4058.0,ACCEL,2.28,18.949
4058.0,GYRO,0.265,24.646
4058.0,COMP,2.143,18.964
4068.0,ACCEL,1.966,18.949
4068.0,GYRO,0.269,24.649
4068.0,COMP,2.144,18.967
4078.0,ACCEL,2.033,19.133
4078.0,GYRO,0.275,24.651
4078.0,COMP,2.148,18.972
4088.0,ACCEL,2.202,18.822
4088.0,GYRO,0.278,24.652
4088.0,COMP,2.152,18.97
4098.0,ACCEL,2.041,18.906
4098.0,GYRO,0.276,24.651
4098.0,COMP,2.148,18.968
4108.0,ACCEL,1.935,19.228
4108.0,GYRO,0.276,24.648
4108.0,COMP,2.144,18.971
4118.0,ACCEL,2.245,18.888
4118.0,GYRO,0.276,24.644
4118.0,COMP,2.146,18.965
4128.0,ACCEL,2.218,18.954
4128.0,GYRO,0.279,24.646
4128.0,COMP,2.15,18.967
4139.0,ACCEL,2.102,18.858
4139.0,GYRO,0.281,24.648
4139.0,COMP,2.151,18.966
4149.0,ACCEL,1.988,18.764
4149.0,GYRO,0.28,24.65
4149.0,COMP,2.147,18.964
4159.0,ACCEL,2.471,18.888
4159.0,GYRO,0.279,24.649
4159.0,COMP,2.152,18.962
4169.0,ACCEL,2.257,18.998
4169.0,GYRO,0.276,24.646
4169.0,COMP,2.152,18.959
4180.0,ACCEL,1.892,18.824
4180.0,GYRO,0.281,24.648
4180.0,COMP,2.151,18.959
4189.0,ACCEL,2.097,18.881
4189.0,GYRO,0.283,24.651
4189.0,COMP,2.152,18.96
4199.0,ACCEL,2.247,18.862
4199.0,GYRO,0.284,24.654
4199.0,COMP,2.155,18.961
4209.0,ACCEL,2.168,18.997
4209.0,GYRO,0.284,24.655
4209.0,COMP,2.155,18.963
4219.0,ACCEL,2.124,18.847
4219.0,GYRO,0.285,24.655
4219.0,COMP,2.155,18.96
4229.0,ACCEL,2.094,19.093
4229.0,GYRO,0.284,24.656
4229.0,COMP,2.153,18.965
4239.0,ACCEL,2.012,18.647
4239.0,GYRO,0.282,24.656
4239.0,COMP,2.149,18.958
4249.0,ACCEL,2.236,18.733
4249.0,GYRO,0.281,24.658
4249.0,COMP,2.149,18.955
4259.0,ACCEL,2.171,18.863
4259.0,GYRO,0.279,24.659
4259.0,COMP,2.148,18.955
4269.0,ACCEL,2.21,18.925
4269.0,GYRO,0.279,24.659
4269.0,COMP,2.149,18.954
4279.0,ACCEL,2.121,19.017
4279.0,GYRO,0.278,24.661
4279.0,COMP,2.148,18.957
4289.0,ACCEL,2.128,18.728
4289.0,GYRO,0.28,24.661
4289.0,COMP,2.149,18.953
4299.0,ACCEL,1.952,18.995
4299.0,GYRO,0.283,24.662
4299.0,COMP,2.148,18.954
4309.0,ACCEL,2.047,18.848
4309.0,GYRO,0.284,24.666
4309.0,COMP,2.147,18.956
4319.0,ACCEL,2.021,18.881
4319.0,GYRO,0.287,24.67
4319.0,COMP,2.148,18.958
4329.0,ACCEL,2.299,18.96
4329.0,GYRO,0.29,24.675
4329.0,COMP,2.153,18.963
4339.0,ACCEL,2.0,18.841
4339.0,GYRO,0.29,24.675
4339.0,COMP,2.151,18.961
4350.0,ACCEL,1.995,18.934
4350.0,GYRO,0.291,24.678
4350.0,COMP,2.148,18.963
4359.0,ACCEL,2.095,19.15
4359.0,GYRO,0.288,24.679
4359.0,COMP,2.145,18.968
4369.0,ACCEL,1.948,19.213
4369.0,GYRO,0.289,24.678
4369.0,COMP,2.141,18.972
4379.0,ACCEL,2.114,18.984
4379.0,GYRO,0.291,24.679
4379.0,COMP,2.142,18.973
4389.0,ACCEL,1.866,18.862
4389.0,GYRO,0.293,24.681
4389.0,COMP,2.139,18.973
4399.0,ACCEL,2.267,19.052
4399.0,GYRO,0.298,24.681
4399.0,COMP,2.146,18.975
4409.0,ACCEL,2.242,19.129
4409.0,GYRO,0.301,24.683
4409.0,COMP,2.151,18.98
4419.0,ACCEL,2.237,18.926
4419.0,GYRO,0.301,24.684
4419.0,COMP,2.153,18.979
4429.0,ACCEL,2.332,18.963
4429.0,GYRO,0.3,24.683
4429.0,COMP,2.155,18.979
4439.0,ACCEL,2.179,18.647
4439.0,GYRO,0.3,24.684
4439.0,COMP,2.156,18.973
4449.0,ACCEL,2.479,18.584
4449.0,GYRO,0.298,24.686
4449.0,COMP,2.161,18.967
4459.0,ACCEL,2.204,19.111
4459.0,GYRO,0.294,24.688
4459.0,COMP,2.157,18.972
4469.0,ACCEL,2.244,19.153
4469.0,GYRO,0.291,24.688
4469.0,COMP,2.157,18.975
4480.0,ACCEL,2.182,18.804
4480.0,GYRO,0.291,24.686
4480.0,COMP,2.157,18.97
4490.0,ACCEL,2.139,18.938
4490.0,GYRO,0.291,24.684
4490.0,COMP,2.156,18.967
4500.0,ACCEL,1.876,18.519
4500.0,GYRO,0.292,24.681
4500.0,COMP,2.151,18.956
4510.0,ACCEL,2.203,18.906
4510.0,GYRO,0.297,24.681
4510.0,COMP,2.157,18.955
4521.0,ACCEL,1.983,18.947
4521.0,GYRO,0.298,24.685
4521.0,COMP,2.156,18.958
4530.0,ACCEL,2.229,19.031
4530.0,GYRO,0.296,24.687
4530.0,COMP,2.155,18.961
4540.0,ACCEL,1.897,19.04
4540.0,GYRO,0.292,24.685
4540.0,COMP,2.146,18.961
4550.0,ACCEL,2.232,19.183
4550.0,GYRO,0.292,24.682
4550.0,COMP,2.148,18.963
4560.0,ACCEL,2.447,18.828
4560.0,GYRO,0.293,24.686
4560.0,COMP,2.154,18.964
4570.0,ACCEL,2.146,18.863
4570.0,GYRO,0.294,24.688
4570.0,COMP,2.156,18.964
4580.0,ACCEL,2.184,19.167
4580.0,GYRO,0.296,24.688
4580.0,COMP,2.158,18.968
4590.0,ACCEL,2.195,18.838
4590.0,GYRO,0.295,24.688
4590.0,COMP,2.158,18.966
4600.0,ACCEL,2.059,18.972
4600.0,GYRO,0.297,24.691
4600.0,COMP,2.157,18.968
4610.0,ACCEL,2.347,18.958
4610.0,GYRO,0.299,24.693
4610.0,COMP,2.163,18.97
4620.0,ACCEL,1.88,18.809
4620.0,GYRO,0.299,24.692
4620.0,COMP,2.158,18.966
4630.0,ACCEL,2.095,18.901
4630.0,GYRO,0.299,24.693
4630.0,COMP,2.157,18.965
4640.0,ACCEL,2.185,18.828
4640.0,GYRO,0.3,24.694
4640.0,COMP,2.158,18.963
4651.0,ACCEL,2.283,18.861
4651.0,GYRO,0.302,24.694
4651.0,COMP,2.162,18.962
4661.0,ACCEL,2.219,18.914
4661.0,GYRO,0.303,24.697
4661.0,COMP,2.165,18.963
4671.0,ACCEL,2.384,18.627
4671.0,GYRO,0.303,24.698
4671.0,COMP,2.169,18.958
4681.0,ACCEL,2.151,18.777
4681.0,GYRO,0.306,24.701
4681.0,COMP,2.172,18.958
4692.0,ACCEL,2.163,19.241
4692.0,GYRO,0.307,24.705
4692.0,COMP,2.172,18.967
4701.0,ACCEL,2.325,18.968
4701.0,GYRO,0.307,24.707
4701.0,COMP,2.175,18.969
4711.0,ACCEL,1.837,18.982
4711.0,GYRO,0.306,24.707
4711.0,COMP,2.167,18.969
4721.0,ACCEL,2.182,18.981
4721.0,GYRO,0.305,24.706
4721.0,COMP,2.167,18.969
4731.0,ACCEL,2.327,19.069
4731.0,GYRO,0.301,24.71
4731.0,COMP,2.166,18.974
4741.0,ACCEL,2.1,18.676
4741.0,GYRO,0.296,24.713
4741.0,COMP,2.16,18.971
4751.0,ACCEL,2.355,18.632
4751.0,GYRO,0.293,24.716
4751.0,COMP,2.161,18.967
4761.0,ACCEL,2.183,18.984
4761.0,GYRO,0.289,24.716
4761.0,COMP,2.157,18.968
4771.0,ACCEL,2.019,18.79
4771.0,GYRO,0.288,24.715
4771.0,COMP,2.153,18.964
4781.0,ACCEL,2.031,18.902
4781.0,GYRO,0.284,24.714
4781.0,COMP,2.148,18.961
4791.0,ACCEL,2.019,19.028
4791.0,GYRO,0.284,24.714
4791.0,COMP,2.145,18.963
4801.0,ACCEL,1.978,18.786
4801.0,GYRO,0.285,24.713
4801.0,COMP,2.142,18.958
4811.0,ACCEL,2.042,19.011
4811.0,GYRO,0.286,24.708
4811.0,COMP,2.141,18.954
4821.0,ACCEL,1.728,18.809
4821.0,GYRO,0.286,24.706
4821.0,COMP,2.134,18.949
4831.0,ACCEL,2.067,19.159
4831.0,GYRO,0.286,24.706
4831.0,COMP,2.132,18.953
4841.0,ACCEL,1.886,18.902
4841.0,GYRO,0.287,24.707
4841.0,COMP,2.128,18.954
4851.0,ACCEL,1.956,18.745
4851.0,GYRO,0.286,24.707
4851.0,COMP,2.124,18.95
4862.0,ACCEL,2.046,18.842
4862.0,GYRO,0.287,24.709
4862.0,COMP,2.123,18.949
4871.0,ACCEL,1.778,18.921
4871.0,GYRO,0.288,24.709
4871.0,COMP,2.117,18.948
4881.0,ACCEL,2.003,18.572
4881.0,GYRO,0.287,24.706
4881.0,COMP,2.113,18.938
4891.0,ACCEL,2.113,18.83
4891.0,GYRO,0.286,24.704
4891.0,COMP,2.113,18.934
4901.0,ACCEL,2.096,18.963
4901.0,GYRO,0.285,24.703
4901.0,COMP,2.111,18.934
4911.0,ACCEL,2.244,18.962
4911.0,GYRO,0.284,24.702
4911.0,COMP,2.113,18.933
4921.0,ACCEL,2.269,18.935
4921.0,GYRO,0.284,24.7
4921.0,COMP,2.116,18.931
4931.0,ACCEL,2.033,18.7
4931.0,GYRO,0.285,24.699
4931.0,COMP,2.115,18.925
4941.0,ACCEL,2.209,18.986
4941.0,GYRO,0.283,24.7
4941.0,COMP,2.115,18.928
4951.0,ACCEL,2.01,18.834
4951.0,GYRO,0.282,24.701
4951.0,COMP,2.112,18.927
4961.0,ACCEL,2.208,18.942
4961.0,GYRO,0.279,24.704
4961.0,COMP,2.111,18.93
4971.0,ACCEL,2.083,18.811
4971.0,GYRO,0.279,24.707
4971.0,COMP,2.111,18.93
4981.0,ACCEL,1.997,18.884
4981.0,GYRO,0.28,24.71
4981.0,COMP,2.11,18.932
4992.0,ACCEL,2.231,19.035
4992.0,GYRO,0.28,24.712
4992.0,COMP,2.112,18.936
